Workbook

Sheet 説明
A1: データセットテンプレート名 | B1: None | C1: 各定義ファイルのdescriptionに利用されます
A2: データセットテンプレート名(英) | B2: None | C2: 各定義ファイルのdescriptionに利用されます
A3: データセットテンプレートID | B3: c | C3: $idで利用されます
A4: 概要 | B4: RDEトライアルデータセットテンプレート-1
A6: 作成日
A7: 作成者
A8: 最終更新日
A9: 最終更新者
A11: ver.2026.01.20(e) | B11: シートレイアウトバージョン または template2excelツールのバージョン
A13: 【説明】
A15: このExcelファイルは、excel2template.exeの入力ファイルです。
A16: 次の4つのシートで構成されています。
A18: ・説明
A19: ・要件定義(metadata-def.json)
A20: ・要件定義(catalog.schema.json)
A21: ・要件定義(invoice.schema.json)
A23: セルの色には以下の意味があります。
B25: 必須記入欄
B26: オプション記入欄(場合によって記入)
B27: 自動記入欄(ユーザは入力不要)
B28: 記入不要欄(入力不要)
A31: 列の削除は禁止です。
A32: また、必須項目が入力されていない場合はエラーになるので必ず記入をお願いします。

Sheet 要件定義(metadata-def.json)
A1: category | B1: output | C1: parameter_name | D1: order | E1: original_name | F1: original_type | G1: name/ja | H1: name/en | I1: taxonomy | J1: typeformat | K1: type | L1: format | M1: unit | N1: description | O1: uri | P1: mode | Q1: variable | R1: default | S1: sample
A2: カテゴリー (自由記述) | B2: 出力制御 (必ず選択) | C2: パラメータ名 (必ず記述) | D2: 表示順 | E2: 装置出力 (自由記述) | F2: 元のデータ型 (自由記述) | G2: 項目名(日本語) (必ず記述) | H2: 項目名(英語) (必ず記述) | I2: タクソノミー (番号記述) | J2: データ形式 (必ず選択) | K2: データ型 (自動入力) | L2: フォーマット (自動入力) | M2: 単位 (自由記述) | N2: 説明 (自由記述) | O2: URI (自由記述) | P2: 測定モード (自由記述) | Q2: 繰り返し (選択リスト) | R2: 固定値 (選択リスト) | S2: サンプル
A3: metadata | B3: ON | C3: data_title | D3: 1 | E3: data_title | G3: データ名 | H3: data title | J3: string | K3: =_xlfn.IFS(ISBLANK(J3), "",J3="integer","integer",J3="number","number",J3="array","array",J3="boolean","boolean",TRUE,"string") | L3: =_xlfn.IFS(J3="datetime","date-time",J3="duration","duration",TRUE,"") | P3: Derived from data
A4: metadata | B4: ON | C4: measurement_date | D4: 2 | E4: measurement_date | G4: 測定日時 | H4: measurement date | J4: datetime | K4: =_xlfn.IFS(ISBLANK(J4), "",J4="integer","integer",J4="number","number",J4="array","array",J4="boolean","boolean",TRUE,"string") | L4: =_xlfn.IFS(J4="datetime","date-time",J4="duration","duration",TRUE,"") | P4: Derived from data
A5: metadata | B5: ON | C5: x_label | D5: 3 | E5: x_label | G5: 独立変数(X軸ラベル) | H5: x-label | J5: string | K5: =_xlfn.IFS(ISBLANK(J5), "",J5="integer","integer",J5="number","number",J5="array","array",J5="boolean","boolean",TRUE,"string") | L5: =_xlfn.IFS(J5="datetime","date-time",J5="duration","duration",TRUE,"") | P5: Derived from data
A6: metadata | B6: ON | C6: y_label | D6: 4 | E6: y_label | G6: 従属変数(Y軸ラベル) | H6: y-label | J6: string | K6: =_xlfn.IFS(ISBLANK(J6), "",J6="integer","integer",J6="number","number",J6="array","array",J6="boolean","boolean",TRUE,"string") | L6: =_xlfn.IFS(J6="datetime","date-time",J6="duration","duration",TRUE,"") | P6: Derived from data
A7: metadata | B7: ON | C7: series_number | D7: 5 | E7: series_number | G7: 系列数 | H7: series number | J7: integer | K7: =_xlfn.IFS(ISBLANK(J7), "",J7="integer","integer",J7="number","number",J7="array","array",J7="boolean","boolean",TRUE,"string") | L7: =_xlfn.IFS(J7="datetime","date-time",J7="duration","duration",TRUE,"") | M7: PCS | P7: Derived from data
A8: metadata | B8: ON | C8: series_name | D8: 6 | E8: series_name | G8: 系列名 | H8: series name | J8: string | K8: =_xlfn.IFS(ISBLANK(J8), "",J8="integer","integer",J8="number","number",J8="array","array",J8="boolean","boolean",TRUE,"string") | L8: =_xlfn.IFS(J8="datetime","date-time",J8="duration","duration",TRUE,"") | P8: Analysis value | Q8: TRUE
A9: metadata | B9: ON | C9: series_data_count | D9: 7 | E9: series_data_count | G9: 系列ごとデータ数 | H9: data count by series | J9: integer | K9: =_xlfn.IFS(ISBLANK(J9), "",J9="integer","integer",J9="number","number",J9="array","array",J9="boolean","boolean",TRUE,"string") | L9: =_xlfn.IFS(J9="datetime","date-time",J9="duration","duration",TRUE,"") | M9: PCS | P9: Analysis value | Q9: TRUE
A10: metadata | B10: ON | C10: series_data_mean | D10: 8 | E10: series_data_mean | G10: 系列ごと平均値 | H10: data mean by series | J10: number | K10: =_xlfn.IFS(ISBLANK(J10), "",J10="integer","integer",J10="number","number",J10="array","array",J10="boolean","boolean",TRUE,"string") | L10: =_xlfn.IFS(J10="datetime","date-time",J10="duration","duration",TRUE,"") | P10: Analysis value | Q10: TRUE
A11: metadata | B11: ON | C11: series_data_median | D11: 9 | E11: series_data_median | G11: 系列ごと中央値 | H11: data median by series | J11: number | K11: =_xlfn.IFS(ISBLANK(J11), "",J11="integer","integer",J11="number","number",J11="array","array",J11="boolean","boolean",TRUE,"string") | L11: =_xlfn.IFS(J11="datetime","date-time",J11="duration","duration",TRUE,"") | P11: Analysis value | Q11: TRUE
A12: metadata | B12: ON | C12: series_data_max | D12: 10 | E12: series_data_max | G12: 系列ごと最大値 | H12: data max by series | J12: number | K12: =_xlfn.IFS(ISBLANK(J12), "",J12="integer","integer",J12="number","number",J12="array","array",J12="boolean","boolean",TRUE,"string") | L12: =_xlfn.IFS(J12="datetime","date-time",J12="duration","duration",TRUE,"") | P12: Analysis value | Q12: TRUE
A13: metadata | B13: ON | C13: series_data_min | D13: 11 | E13: series_data_min | G13: 系列ごと最小値 | H13: data min by series | J13: number | K13: =_xlfn.IFS(ISBLANK(J13), "",J13="integer","integer",J13="number","number",J13="array","array",J13="boolean","boolean",TRUE,"string") | L13: =_xlfn.IFS(J13="datetime","date-time",J13="duration","duration",TRUE,"") | P13: Analysis value | Q13: TRUE
A14: metadata | B14: ON | C14: series_data_stdev | D14: 12 | E14: series_data_stdev | G14: 系列ごと標準偏差 | H14: data stdev by series | J14: number | K14: =_xlfn.IFS(ISBLANK(J14), "",J14="integer","integer",J14="number","number",J14="array","array",J14="boolean","boolean",TRUE,"string") | L14: =_xlfn.IFS(J14="datetime","date-time",J14="duration","duration",TRUE,"") | P14: Analysis value | Q14: TRUE
A15: metadata | B15: ON | C15: invoice_measurement_date | D15: 13 | E15: invoice measurement date | G15: 送状状測定日時 | H15: measurement date from invoice | J15: datetime | K15: =_xlfn.IFS(ISBLANK(J15), "",J15="integer","integer",J15="number","number",J15="array","array",J15="boolean","boolean",TRUE,"string") | L15: =_xlfn.IFS(J15="datetime","date-time",J15="duration","duration",TRUE,"") | P15: Invoice
A16: metadata | B16: ON | C16: invoice_number1 | D16: 14 | E16: invoice_number1 | G16: 送状状数値入力値1 | H16: invoice_number1 | J16: number | K16: =_xlfn.IFS(ISBLANK(J16), "",J16="integer","integer",J16="number","number",J16="array","array",J16="boolean","boolean",TRUE,"string") | L16: =_xlfn.IFS(J16="datetime","date-time",J16="duration","duration",TRUE,"") | P16: Invoice
A17: metadata | B17: ON | C17: invoice_number2 | D17: 15 | E17: invoice_number2 | G17: 送状状数値入力値2 | H17: invoice_number2 | J17: number | K17: =_xlfn.IFS(ISBLANK(J17), "",J17="integer","integer",J17="number","number",J17="array","array",J17="boolean","boolean",TRUE,"string") | L17: =_xlfn.IFS(J17="datetime","date-time",J17="duration","duration",TRUE,"") | P17: Invoice
A18: metadata | B18: ON | C18: invoice_string1 | D18: 16 | E18: invoice_string1 | G18: 送状文字入力値1 | H18: invoice_string1 | J18: string | K18: =_xlfn.IFS(ISBLANK(J18), "",J18="integer","integer",J18="number","number",J18="array","array",J18="boolean","boolean",TRUE,"string") | L18: =_xlfn.IFS(J18="datetime","date-time",J18="duration","duration",TRUE,"") | P18: Invoice
A19: metadata | B19: ON | C19: inboice_string2 | D19: 17 | E19: inboice_string2 | G19: 送状文字入力値2 | H19: inboice_string2 | J19: string | K19: =_xlfn.IFS(ISBLANK(J19), "",J19="integer","integer",J19="number","number",J19="array","array",J19="boolean","boolean",TRUE,"string") | L19: =_xlfn.IFS(J19="datetime","date-time",J19="duration","duration",TRUE,"") | P19: Invoice
A20: metadata | B20: ON | C20: invoice_list1 | D20: 18 | E20: invoice_list1 | G20: 送状状選択値1 | H20: invoice_list1 | J20: string | K20: =_xlfn.IFS(ISBLANK(J20), "",J20="integer","integer",J20="number","number",J20="array","array",J20="boolean","boolean",TRUE,"string") | L20: =_xlfn.IFS(J20="datetime","date-time",J20="duration","duration",TRUE,"") | P20: Invoice
A21: metadata | B21: OFF | K21: =_xlfn.IFS(ISBLANK(J21), "",J21="integer","integer",J21="number","number",J21="array","array",J21="boolean","boolean",TRUE,"string") | L21: =_xlfn.IFS(J21="datetime","date-time",J21="duration","duration",TRUE,"")
A22: metadata | B22: OFF | K22: =_xlfn.IFS(ISBLANK(J22), "",J22="integer","integer",J22="number","number",J22="array","array",J22="boolean","boolean",TRUE,"string") | L22: =_xlfn.IFS(J22="datetime","date-time",J22="duration","duration",TRUE,"")
A23: metadata | B23: OFF | K23: =_xlfn.IFS(ISBLANK(J23), "",J23="integer","integer",J23="number","number",J23="array","array",J23="boolean","boolean",TRUE,"string") | L23: =_xlfn.IFS(J23="datetime","date-time",J23="duration","duration",TRUE,"")
A24: metadata | B24: OFF | K24: =_xlfn.IFS(ISBLANK(J24), "",J24="integer","integer",J24="number","number",J24="array","array",J24="boolean","boolean",TRUE,"string") | L24: =_xlfn.IFS(J24="datetime","date-time",J24="duration","duration",TRUE,"")
A25: metadata | B25: OFF | K25: =_xlfn.IFS(ISBLANK(J25), "",J25="integer","integer",J25="number","number",J25="array","array",J25="boolean","boolean",TRUE,"string") | L25: =_xlfn.IFS(J25="datetime","date-time",J25="duration","duration",TRUE,"")
A26: metadata | B26: OFF | K26: =_xlfn.IFS(ISBLANK(J26), "",J26="integer","integer",J26="number","number",J26="array","array",J26="boolean","boolean",TRUE,"string") | L26: =_xlfn.IFS(J26="datetime","date-time",J26="duration","duration",TRUE,"")
A27: metadata | B27: OFF | K27: =_xlfn.IFS(ISBLANK(J27), "",J27="integer","integer",J27="number","number",J27="array","array",J27="boolean","boolean",TRUE,"string") | L27: =_xlfn.IFS(J27="datetime","date-time",J27="duration","duration",TRUE,"")
A28: metadata | B28: OFF | K28: =_xlfn.IFS(ISBLANK(J28), "",J28="integer","integer",J28="number","number",J28="array","array",J28="boolean","boolean",TRUE,"string") | L28: =_xlfn.IFS(J28="datetime","date-time",J28="duration","duration",TRUE,"")
A29: metadata | B29: OFF | K29: =_xlfn.IFS(ISBLANK(J29), "",J29="integer","integer",J29="number","number",J29="array","array",J29="boolean","boolean",TRUE,"string") | L29: =_xlfn.IFS(J29="datetime","date-time",J29="duration","duration",TRUE,"")
A30: metadata | B30: OFF | K30: =_xlfn.IFS(ISBLANK(J30), "",J30="integer","integer",J30="number","number",J30="array","array",J30="boolean","boolean",TRUE,"string") | L30: =_xlfn.IFS(J30="datetime","date-time",J30="duration","duration",TRUE,"")

Sheet 要件定義(catalog.schema.json)
A1: $schema | B1: https://json-schema.org/draft/2020-12/schema
A2: $id | B2: ="https://rde.nims.go.jp/rde/dataset-templates/"&説明!B3&"/catalog.schema.json"
A3: description | B3: =説明!B4&":データカタログ定義"
A4: title/ja | B4: =説明!B1&":データカタログ定義"
A5: title/en | B5: =説明!B2&":data catalog format"
A7: header | B7: output | C7: parameter_name | D7: label/ja | E7: label/en | F7: required | G7: typeformat | H7: type | I7: format | J7: options/widget | K7: options/rows | L7: enum | M7: description | N7: examples | O7: default | P7: const | Q7: options/unit | R7: options/placeholder/ja | S7: options/placeholder/en
A8: ヘッダー | B8: 出力制御 (必ず選択) | C8: パラメータ名 (必ず記述) | D8: 項目名(日本語) (必ず記述) | E8: 項目名(英語) (必ず記述) | F8: 必須項目 (選択リスト) | G8: データ形式 (必ず選択) | H8: データ型 (自動入力) | I8: フォーマット (自動入力) | J8: テキストエリア (自動入力) | K8: 行数 (数値記述) | L8: 値のリスト (カンマ区切り) | M8: 説明 (自由記述) | N8: 内容サンプル (自由記述) | O8: 初期値 (自由記述) | P8: 固定値 (自由記述) | Q8: 単位 (自由記述) | R8: プレイスホルダ(日本語) (自由記述) | S8: プレイスホルダ(英語) (自由記述)
A9: data_catalog | B9: ON | C9: dataset_title | D9: データセット名 | E9: Dataset Title | F9: TRUE | G9: string | H9: =_xlfn.IFS(ISBLANK(G9), "",G9="integer","integer",G9="number","number",G9="boolean","boolean",TRUE,"string") | I9: =_xlfn.IFS(ISBLANK(G9), "",G9="date","date",G9="markdown","markdown",G9="time", "time",G9="uri","uri",G9="uuid","uuid",TRUE,"") | J9: =_xlfn.IFS(ISBLANK(G9), "",G9="textarea","textarea",TRUE,"") | M9: あいうえお | P9: b | Q9: deg | R9: タイトルをどうぞ | S9: Enter Title
A10: data_catalog | B10: ON | C10: data_creator | D10: 作成者 | E10: Data Creator | F10: TRUE | G10: textarea | H10: =_xlfn.IFS(ISBLANK(G10), "",G10="integer","integer",G10="number","number",G10="boolean","boolean",TRUE,"string") | I10: =_xlfn.IFS(ISBLANK(G10), "",G10="date","date",G10="markdown","markdown",G10="time", "time",G10="uri","uri",G10="uuid","uuid",TRUE,"") | J10: =_xlfn.IFS(ISBLANK(G10), "",G10="textarea","textarea",TRUE,"") | K10: 3 | M10: かきくけこ | N10: 備考備考 開業後 改行 | O10: ああああああ
A11: data_catalog | B11: ON | C11: experimental_apparatus | D11: 使用装置 | E11: Experimental Apparatus | F11: TRUE | G11: number | H11: =_xlfn.IFS(ISBLANK(G11), "",G11="integer","integer",G11="number","number",G11="boolean","boolean",TRUE,"string") | I11: =_xlfn.IFS(ISBLANK(G11), "",G11="date","date",G11="markdown","markdown",G11="time", "time",G11="uri","uri",G11="uuid","uuid",TRUE,"") | J11: =_xlfn.IFS(ISBLANK(G11), "",G11="textarea","textarea",TRUE,"")
A12: data_catalog | B12: ON | C12: data_distribution | D12: データの再配布 | E12: Data Distribution | G12: integer | H12: =_xlfn.IFS(ISBLANK(G12), "",G12="integer","integer",G12="number","number",G12="boolean","boolean",TRUE,"string") | I12: =_xlfn.IFS(ISBLANK(G12), "",G12="date","date",G12="markdown","markdown",G12="time", "time",G12="uri","uri",G12="uuid","uuid",TRUE,"") | J12: =_xlfn.IFS(ISBLANK(G12), "",G12="textarea","textarea",TRUE,"")
A13: data_catalog | B13: ON | C13: raw_data_type | D13: データの種類 | E13: Raw Data Type | G13: list | H13: =_xlfn.IFS(ISBLANK(G13), "",G13="integer","integer",G13="number","number",G13="boolean","boolean",TRUE,"string") | I13: =_xlfn.IFS(ISBLANK(G13), "",G13="date","date",G13="markdown","markdown",G13="time", "time",G13="uri","uri",G13="uuid","uuid",TRUE,"") | J13: =_xlfn.IFS(ISBLANK(G13), "",G13="textarea","textarea",TRUE,"") | L13: 1,2,3
A14: data_catalog | B14: ON | C14: stored_data | D14: 格納データ | E14: Stored Data | G14: date | H14: =_xlfn.IFS(ISBLANK(G14), "",G14="integer","integer",G14="number","number",G14="boolean","boolean",TRUE,"string") | I14: =_xlfn.IFS(ISBLANK(G14), "",G14="date","date",G14="markdown","markdown",G14="time", "time",G14="uri","uri",G14="uuid","uuid",TRUE,"") | J14: =_xlfn.IFS(ISBLANK(G14), "",G14="textarea","textarea",TRUE,"")
A15: data_catalog | B15: ON | C15: remarks | D15: 備考 | E15: Remarks | G15: markdown | H15: =_xlfn.IFS(ISBLANK(G15), "",G15="integer","integer",G15="number","number",G15="boolean","boolean",TRUE,"string") | I15: =_xlfn.IFS(ISBLANK(G15), "",G15="date","date",G15="markdown","markdown",G15="time", "time",G15="uri","uri",G15="uuid","uuid",TRUE,"") | J15: =_xlfn.IFS(ISBLANK(G15), "",G15="textarea","textarea",TRUE,"")
A16: data_catalog | B16: ON | C16: refernces | D16: 参考文献 | E16: References | G16: time | H16: =_xlfn.IFS(ISBLANK(G16), "",G16="integer","integer",G16="number","number",G16="boolean","boolean",TRUE,"string") | I16: =_xlfn.IFS(ISBLANK(G16), "",G16="date","date",G16="markdown","markdown",G16="time", "time",G16="uri","uri",G16="uuid","uuid",TRUE,"") | J16: =_xlfn.IFS(ISBLANK(G16), "",G16="textarea","textarea",TRUE,"")
A17: data_catalog | B17: ON | C17: a | D17: あ | E17: a | G17: boolean | H17: =_xlfn.IFS(ISBLANK(G17), "",G17="integer","integer",G17="number","number",G17="boolean","boolean",TRUE,"string") | I17: =_xlfn.IFS(ISBLANK(G17), "",G17="date","date",G17="markdown","markdown",G17="time", "time",G17="uri","uri",G17="uuid","uuid",TRUE,"") | J17: =_xlfn.IFS(ISBLANK(G17), "",G17="textarea","textarea",TRUE,"")
A18: data_catalog | B18: ON | C18: b | D18: い | E18: i | G18: string | H18: =_xlfn.IFS(ISBLANK(G18), "",G18="integer","integer",G18="number","number",G18="boolean","boolean",TRUE,"string") | I18: =_xlfn.IFS(ISBLANK(G18), "",G18="date","date",G18="markdown","markdown",G18="time", "time",G18="uri","uri",G18="uuid","uuid",TRUE,"") | J18: =_xlfn.IFS(ISBLANK(G18), "",G18="textarea","textarea",TRUE,"")
A19: data_catalog | B19: ON | C19: c | D19: う | E19: u | G19: uuid | H19: =_xlfn.IFS(ISBLANK(G19), "",G19="integer","integer",G19="number","number",G19="boolean","boolean",TRUE,"string") | I19: =_xlfn.IFS(ISBLANK(G19), "",G19="date","date",G19="markdown","markdown",G19="time", "time",G19="uri","uri",G19="uuid","uuid",TRUE,"") | J19: =_xlfn.IFS(ISBLANK(G19), "",G19="textarea","textarea",TRUE,"")
A20: data_catalog | B20: OFF | H20: =_xlfn.IFS(ISBLANK(G20), "",G20="integer","integer",G20="number","number",G20="boolean","boolean",TRUE,"string") | I20: =_xlfn.IFS(ISBLANK(G20), "",G20="date","date",G20="markdown","markdown",G20="time", "time",G20="uri","uri",G20="uuid","uuid",TRUE,"") | J20: =_xlfn.IFS(ISBLANK(G20), "",G20="textarea","textarea",TRUE,"")
A21: data_catalog | B21: OFF | H21: =_xlfn.IFS(ISBLANK(G21), "",G21="integer","integer",G21="number","number",G21="boolean","boolean",TRUE,"string") | I21: =_xlfn.IFS(ISBLANK(G21), "",G21="date","date",G21="markdown","markdown",G21="time", "time",G21="uri","uri",G21="uuid","uuid",TRUE,"") | J21: =_xlfn.IFS(ISBLANK(G21), "",G21="textarea","textarea",TRUE,"")
A22: data_catalog | B22: OFF | H22: =_xlfn.IFS(ISBLANK(G22), "",G22="integer","integer",G22="number","number",G22="boolean","boolean",TRUE,"string") | I22: =_xlfn.IFS(ISBLANK(G22), "",G22="date","date",G22="markdown","markdown",G22="time", "time",G22="uri","uri",G22="uuid","uuid",TRUE,"") | J22: =_xlfn.IFS(ISBLANK(G22), "",G22="textarea","textarea",TRUE,"")
A23: data_catalog | B23: OFF | H23: =_xlfn.IFS(ISBLANK(G23), "",G23="integer","integer",G23="number","number",G23="boolean","boolean",TRUE,"string") | I23: =_xlfn.IFS(ISBLANK(G23), "",G23="date","date",G23="markdown","markdown",G23="time", "time",G23="uri","uri",G23="uuid","uuid",TRUE,"") | J23: =_xlfn.IFS(ISBLANK(G23), "",G23="textarea","textarea",TRUE,"")
A24: data_catalog | B24: OFF | H24: =_xlfn.IFS(ISBLANK(G24), "",G24="integer","integer",G24="number","number",G24="boolean","boolean",TRUE,"string") | I24: =_xlfn.IFS(ISBLANK(G24), "",G24="date","date",G24="markdown","markdown",G24="time", "time",G24="uri","uri",G24="uuid","uuid",TRUE,"") | J24: =_xlfn.IFS(ISBLANK(G24), "",G24="textarea","textarea",TRUE,"")
A25: data_catalog | B25: OFF | H25: =_xlfn.IFS(ISBLANK(G25), "",G25="integer","integer",G25="number","number",G25="boolean","boolean",TRUE,"string") | I25: =_xlfn.IFS(ISBLANK(G25), "",G25="date","date",G25="markdown","markdown",G25="time", "time",G25="uri","uri",G25="uuid","uuid",TRUE,"") | J25: =_xlfn.IFS(ISBLANK(G25), "",G25="textarea","textarea",TRUE,"")
A26: data_catalog | B26: OFF | H26: =_xlfn.IFS(ISBLANK(G26), "",G26="integer","integer",G26="number","number",G26="boolean","boolean",TRUE,"string") | I26: =_xlfn.IFS(ISBLANK(G26), "",G26="date","date",G26="markdown","markdown",G26="time", "time",G26="uri","uri",G26="uuid","uuid",TRUE,"") | J26: =_xlfn.IFS(ISBLANK(G26), "",G26="textarea","textarea",TRUE,"")
A27: data_catalog | B27: OFF | H27: =_xlfn.IFS(ISBLANK(G27), "",G27="integer","integer",G27="number","number",G27="boolean","boolean",TRUE,"string") | I27: =_xlfn.IFS(ISBLANK(G27), "",G27="date","date",G27="markdown","markdown",G27="time", "time",G27="uri","uri",G27="uuid","uuid",TRUE,"") | J27: =_xlfn.IFS(ISBLANK(G27), "",G27="textarea","textarea",TRUE,"")
A28: data_catalog | B28: OFF | H28: =_xlfn.IFS(ISBLANK(G28), "",G28="integer","integer",G28="number","number",G28="boolean","boolean",TRUE,"string") | I28: =_xlfn.IFS(ISBLANK(G28), "",G28="date","date",G28="markdown","markdown",G28="time", "time",G28="uri","uri",G28="uuid","uuid",TRUE,"") | J28: =_xlfn.IFS(ISBLANK(G28), "",G28="textarea","textarea",TRUE,"")
A29: data_catalog | B29: OFF | H29: =_xlfn.IFS(ISBLANK(G29), "",G29="integer","integer",G29="number","number",G29="boolean","boolean",TRUE,"string") | I29: =_xlfn.IFS(ISBLANK(G29), "",G29="date","date",G29="markdown","markdown",G29="time", "time",G29="uri","uri",G29="uuid","uuid",TRUE,"") | J29: =_xlfn.IFS(ISBLANK(G29), "",G29="textarea","textarea",TRUE,"")

Sheet 要件定義(invoice.schema.json)
A1: $schema | B1: https://json-schema.org/draft/2020-12/schema
A2: $id | B2: ="https://rde.nims.go.jp/rde/dataset-templates/"&説明!B3&"/invoice.schema.json"
A3: description | B3: =説明!B4&":送状定義"
A5: header | B5: category_name | C5: output | D5: parameter_name | E5: term | F5: label/ja | G5: label/en | H5: description | I5: examples | J5: options/unit | K5: taxonomy | L5: required | M5: typeformat | N5: type | O5: format | P5: options/widget | Q5: options/rows | R5: enum | S5: default | T5: const | U5: options/placeholder/ja | V5: options/placeholder/en | W5: maximum | X5: exclusiveMaximum | Y5: minimum | Z5: exclusiveMinimum | AA5: maxLength | AB5: minLength | AC5: pattern
A6: ヘッダー | B6: カテゴリー名 | C6: 出力制御 (必ず選択) | D6: パラメータ名 (必ず記述) | E6: 用語名 (必ず選択) | F6: 項目名(日本語) (必ず記述) | G6: 項目名(英語) (必ず記述) | H6: 説明 (自由記述) | I6: 内容サンプル (自由記述) | J6: 単位 (自由記述) | K6: タクソノミー (番号記述) | L6: 必須項目 (選択リスト) | M6: データ形式 (必ず選択) | N6: データ型 (自動入力) | O6: フォーマット (自動入力) | P6: テキストエリア (自動入力) | Q6: 行数 (数値記述) | R6: 値のリスト (カンマ区切り) | S6: 初期値 (自由記述) | T6: 固定値 (自由記述) | U6: プレイスホルダ(日本語) (自由記述) | V6: プレイスホルダ(英語) (自由記述) | W6: 数値上限(以下) (数値記述) | X6: 数値上限(未満) (数値記述) | Y6: 数値下限(以上) (数値記述) | Z6: 数値下限(より上) (数値記述) | AA6: 最大文字数 (数値記述) | AB6: 最小文字数 (数値記述) | AC6: 正規表現 (自由記述)
A7: custom | B7: 固有情報 | C7: ON | D7: =SUBSTITUTE(LOWER($G7)," ","_") | F7: 測定日時 | G7: measurement date | H7: 測定日時(必須) | I7: 2024-07-17 | L7: TRUE | M7: date | N7: =_xlfn.IFS(ISBLANK(M7), "",M7="integer","integer",M7="number","number",M7="boolean","boolean",TRUE,"string") | O7: =_xlfn.IFS(ISBLANK(M7), "",M7="date","date",M7="markdown","markdown",M7="time", "time",M7="uri","uri",M7="uuid","uuid",TRUE,"") | P7: =_xlfn.IFS(ISBLANK(M7), "",M7="textarea","textarea",TRUE,"") | U7: 測定日時をYYYY/MM/DD形式で入力してください(必須項目です)
C8: ON | D8: =SUBSTITUTE(LOWER($G8)," ","_") | F8: 送状状数値入力値1 | G8: invoice_number1 | I8: 99 | M8: number | N8: =_xlfn.IFS(ISBLANK(M8), "",M8="integer","integer",M8="number","number",M8="boolean","boolean",TRUE,"string") | O8: =_xlfn.IFS(ISBLANK(M8), "",M8="date","date",M8="markdown","markdown",M8="time", "time",M8="uri","uri",M8="uuid","uuid",TRUE,"") | P8: =_xlfn.IFS(ISBLANK(M8), "",M8="textarea","textarea",TRUE,"") | U8: 数値を入力してください | W8: 100 | Y8: -100
C9: ON | D9: =SUBSTITUTE(LOWER($G9)," ","_") | F9: 送状状数値入力値2 | G9: invoice_number2 | I9: 2 | M9: number | N9: =_xlfn.IFS(ISBLANK(M9), "",M9="integer","integer",M9="number","number",M9="boolean","boolean",TRUE,"string") | O9: =_xlfn.IFS(ISBLANK(M9), "",M9="date","date",M9="markdown","markdown",M9="time", "time",M9="uri","uri",M9="uuid","uuid",TRUE,"") | P9: =_xlfn.IFS(ISBLANK(M9), "",M9="textarea","textarea",TRUE,"") | U9: 数値を入力してください
C10: ON | D10: =SUBSTITUTE(LOWER($G10)," ","_") | F10: 送状文字入力値1 | G10: invoice_string1 | I10: 送状文字入力値1必須 | L10: TRUE | M10: string | N10: =_xlfn.IFS(ISBLANK(M10), "",M10="integer","integer",M10="number","number",M10="boolean","boolean",TRUE,"string") | O10: =_xlfn.IFS(ISBLANK(M10), "",M10="date","date",M10="markdown","markdown",M10="time", "time",M10="uri","uri",M10="uuid","uuid",TRUE,"") | P10: =_xlfn.IFS(ISBLANK(M10), "",M10="textarea","textarea",TRUE,"") | U10: 文字列を入力してください(必須項目です) | AA10: 128
C11: ON | D11: =SUBSTITUTE(LOWER($G11)," ","_") | F11: 送状文字入力値2 | G11: invoice_string2 | I11: 送状文字入力値2 | M11: textarea | N11: =_xlfn.IFS(ISBLANK(M11), "",M11="integer","integer",M11="number","number",M11="boolean","boolean",TRUE,"string") | O11: =_xlfn.IFS(ISBLANK(M11), "",M11="date","date",M11="markdown","markdown",M11="time", "time",M11="uri","uri",M11="uuid","uuid",TRUE,"") | P11: =_xlfn.IFS(ISBLANK(M11), "",M11="textarea","textarea",TRUE,"") | Q11: 3 | U11: 文字列を入力してください
C12: ON | D12: =SUBSTITUTE(LOWER($G12)," ","_") | F12: 送状状選択値1 | G12: invoice_list1 | I12: selectable1 | M12: list | N12: =_xlfn.IFS(ISBLANK(M12), "",M12="integer","integer",M12="number","number",M12="boolean","boolean",TRUE,"string") | O12: =_xlfn.IFS(ISBLANK(M12), "",M12="date","date",M12="markdown","markdown",M12="time", "time",M12="uri","uri",M12="uuid","uuid",TRUE,"") | P12: =_xlfn.IFS(ISBLANK(M12), "",M12="textarea","textarea",TRUE,"") | R12: selectable1,selectable2,selectable3 | U12: 選択肢から選択してください
C13: ON | D13: =SUBSTITUTE(LOWER($G13)," ","_") | F13: 系列ごとの登録の有無 | G13: is_divided | L13: TRUE | M13: list | N13: =_xlfn.IFS(ISBLANK(M13), "",M13="integer","integer",M13="number","number",M13="boolean","boolean",TRUE,"string") | O13: =_xlfn.IFS(ISBLANK(M13), "",M13="date","date",M13="markdown","markdown",M13="time", "time",M13="uri","uri",M13="uuid","uuid",TRUE,"") | P13: =_xlfn.IFS(ISBLANK(M13), "",M13="textarea","textarea",TRUE,"") | R13: divided,not_divided | S13: divided
C14: ON | D14: =SUBSTITUTE(LOWER($G14)," ","_") | F14: RAWデータの共有の可否 | G14: is_private_raw | I14: share | L14: TRUE | M14: list | N14: =_xlfn.IFS(ISBLANK(M14), "",M14="integer","integer",M14="number","number",M14="boolean","boolean",TRUE,"string") | O14: =_xlfn.IFS(ISBLANK(M14), "",M14="date","date",M14="markdown","markdown",M14="time", "time",M14="uri","uri",M14="uuid","uuid",TRUE,"") | P14: =_xlfn.IFS(ISBLANK(M14), "",M14="textarea","textarea",TRUE,"") | R14: share,non_share | S14: share
C15: OFF | D15: =SUBSTITUTE(LOWER($G15)," ","_") | N15: =_xlfn.IFS(ISBLANK(M15), "",M15="integer","integer",M15="number","number",M15="boolean","boolean",TRUE,"string") | O15: =_xlfn.IFS(ISBLANK(M15), "",M15="date","date",M15="markdown","markdown",M15="time", "time",M15="uri","uri",M15="uuid","uuid",TRUE,"") | P15: =_xlfn.IFS(ISBLANK(M15), "",M15="textarea","textarea",TRUE,"")
C16: OFF | D16: =SUBSTITUTE(LOWER($G16)," ","_") | N16: =_xlfn.IFS(ISBLANK(M16), "",M16="integer","integer",M16="number","number",M16="boolean","boolean",TRUE,"string") | O16: =_xlfn.IFS(ISBLANK(M16), "",M16="date","date",M16="markdown","markdown",M16="time", "time",M16="uri","uri",M16="uuid","uuid",TRUE,"") | P16: =_xlfn.IFS(ISBLANK(M16), "",M16="textarea","textarea",TRUE,"")
C17: OFF | D17: =SUBSTITUTE(LOWER($G17)," ","_") | N17: =_xlfn.IFS(ISBLANK(M17), "",M17="integer","integer",M17="number","number",M17="boolean","boolean",TRUE,"string") | O17: =_xlfn.IFS(ISBLANK(M17), "",M17="date","date",M17="markdown","markdown",M17="time", "time",M17="uri","uri",M17="uuid","uuid",TRUE,"") | P17: =_xlfn.IFS(ISBLANK(M17), "",M17="textarea","textarea",TRUE,"")
C18: OFF | D18: =SUBSTITUTE(LOWER($G18)," ","_") | N18: =_xlfn.IFS(ISBLANK(M18), "",M18="integer","integer",M18="number","number",M18="boolean","boolean",TRUE,"string") | O18: =_xlfn.IFS(ISBLANK(M18), "",M18="date","date",M18="markdown","markdown",M18="time", "time",M18="uri","uri",M18="uuid","uuid",TRUE,"") | P18: =_xlfn.IFS(ISBLANK(M18), "",M18="textarea","textarea",TRUE,"")
C19: OFF | D19: =SUBSTITUTE(LOWER($G19)," ","_") | N19: =_xlfn.IFS(ISBLANK(M19), "",M19="integer","integer",M19="number","number",M19="boolean","boolean",TRUE,"string") | O19: =_xlfn.IFS(ISBLANK(M19), "",M19="date","date",M19="markdown","markdown",M19="time", "time",M19="uri","uri",M19="uuid","uuid",TRUE,"") | P19: =_xlfn.IFS(ISBLANK(M19), "",M19="textarea","textarea",TRUE,"")
A20: sample_common | B20: 試料情報(共通項目) | C20: OFF
C21: OFF
C22: OFF
C23: OFF
C24: OFF
A25: sample_general | B25: 試料情報(一般項目) | C25: ON | D25: =IFERROR(INDEX(sample.general_sample_term!$A:$H,MATCH($E25,sample.general_sample_term!$C:$C,FALSE),2),"") | E25: 一般名称 | F25: =IFERROR(INDEX(sample.general_sample_term!$A:$H,MATCH($E25,sample.general_sample_term!$C:$C,FALSE),3),"") | G25: =IFERROR(INDEX(sample.general_sample_term!$A:$H,MATCH($E25,sample.general_sample_term!$C:$C,FALSE),4),"") | U25: =IFERROR(INDEX(sample.general_sample_term!$A:$H,MATCH($E25,sample.general_sample_term!$C:$C,FALSE),5),"") | V25: =IFERROR(INDEX(sample.general_sample_term!$A:$H,MATCH($E25,sample.general_sample_term!$C:$C,FALSE),6),"")
C26: ON | D26: =IFERROR(INDEX(sample.general_sample_term!$A:$H,MATCH($E26,sample.general_sample_term!$C:$C,FALSE),2),"") | E26: 化学組成 | F26: =IFERROR(INDEX(sample.general_sample_term!$A:$H,MATCH($E26,sample.general_sample_term!$C:$C,FALSE),3),"") | G26: =IFERROR(INDEX(sample.general_sample_term!$A:$H,MATCH($E26,sample.general_sample_term!$C:$C,FALSE),4),"") | U26: =IFERROR(INDEX(sample.general_sample_term!$A:$H,MATCH($E26,sample.general_sample_term!$C:$C,FALSE),5),"") | V26: =IFERROR(INDEX(sample.general_sample_term!$A:$H,MATCH($E26,sample.general_sample_term!$C:$C,FALSE),6),"")
C27: ON | D27: =IFERROR(INDEX(sample.general_sample_term!$A:$H,MATCH($E27,sample.general_sample_term!$C:$C,FALSE),2),"") | E27: 試料分類 | F27: =IFERROR(INDEX(sample.general_sample_term!$A:$H,MATCH($E27,sample.general_sample_term!$C:$C,FALSE),3),"") | G27: =IFERROR(INDEX(sample.general_sample_term!$A:$H,MATCH($E27,sample.general_sample_term!$C:$C,FALSE),4),"") | U27: =IFERROR(INDEX(sample.general_sample_term!$A:$H,MATCH($E27,sample.general_sample_term!$C:$C,FALSE),5),"") | V27: =IFERROR(INDEX(sample.general_sample_term!$A:$H,MATCH($E27,sample.general_sample_term!$C:$C,FALSE),6),"")
C28: ON | D28: =IFERROR(INDEX(sample.general_sample_term!$A:$H,MATCH($E28,sample.general_sample_term!$C:$C,FALSE),2),"") | E28: CAS番号 | F28: =IFERROR(INDEX(sample.general_sample_term!$A:$H,MATCH($E28,sample.general_sample_term!$C:$C,FALSE),3),"") | G28: =IFERROR(INDEX(sample.general_sample_term!$A:$H,MATCH($E28,sample.general_sample_term!$C:$C,FALSE),4),"") | U28: =IFERROR(INDEX(sample.general_sample_term!$A:$H,MATCH($E28,sample.general_sample_term!$C:$C,FALSE),5),"") | V28: =IFERROR(INDEX(sample.general_sample_term!$A:$H,MATCH($E28,sample.general_sample_term!$C:$C,FALSE),6),"")
C29: OFF | D29: =IFERROR(INDEX(sample.general_sample_term!$A:$H,MATCH($E29,sample.general_sample_term!$C:$C,FALSE),2),"") | F29: =IFERROR(INDEX(sample.general_sample_term!$A:$H,MATCH($E29,sample.general_sample_term!$C:$C,FALSE),3),"") | G29: =IFERROR(INDEX(sample.general_sample_term!$A:$H,MATCH($E29,sample.general_sample_term!$C:$C,FALSE),4),"") | U29: =IFERROR(INDEX(sample.general_sample_term!$A:$H,MATCH($E29,sample.general_sample_term!$C:$C,FALSE),5),"") | V29: =IFERROR(INDEX(sample.general_sample_term!$A:$H,MATCH($E29,sample.general_sample_term!$C:$C,FALSE),6),"")
C30: OFF | D30: =IFERROR(INDEX(sample.general_sample_term!$A:$H,MATCH($E30,sample.general_sample_term!$C:$C,FALSE),2),"") | F30: =IFERROR(INDEX(sample.general_sample_term!$A:$H,MATCH($E30,sample.general_sample_term!$C:$C,FALSE),3),"") | G30: =IFERROR(INDEX(sample.general_sample_term!$A:$H,MATCH($E30,sample.general_sample_term!$C:$C,FALSE),4),"") | U30: =IFERROR(INDEX(sample.general_sample_term!$A:$H,MATCH($E30,sample.general_sample_term!$C:$C,FALSE),5),"") | V30: =IFERROR(INDEX(sample.general_sample_term!$A:$H,MATCH($E30,sample.general_sample_term!$C:$C,FALSE),6),"")
C31: OFF | D31: =IFERROR(INDEX(sample.general_sample_term!$A:$H,MATCH($E31,sample.general_sample_term!$C:$C,FALSE),2),"") | F31: =IFERROR(INDEX(sample.general_sample_term!$A:$H,MATCH($E31,sample.general_sample_term!$C:$C,FALSE),3),"") | G31: =IFERROR(INDEX(sample.general_sample_term!$A:$H,MATCH($E31,sample.general_sample_term!$C:$C,FALSE),4),"") | U31: =IFERROR(INDEX(sample.general_sample_term!$A:$H,MATCH($E31,sample.general_sample_term!$C:$C,FALSE),5),"") | V31: =IFERROR(INDEX(sample.general_sample_term!$A:$H,MATCH($E31,sample.general_sample_term!$C:$C,FALSE),6),"")
C32: OFF | D32: =IFERROR(INDEX(sample.general_sample_term!$A:$H,MATCH($E32,sample.general_sample_term!$C:$C,FALSE),2),"") | F32: =IFERROR(INDEX(sample.general_sample_term!$A:$H,MATCH($E32,sample.general_sample_term!$C:$C,FALSE),3),"") | G32: =IFERROR(INDEX(sample.general_sample_term!$A:$H,MATCH($E32,sample.general_sample_term!$C:$C,FALSE),4),"") | U32: =IFERROR(INDEX(sample.general_sample_term!$A:$H,MATCH($E32,sample.general_sample_term!$C:$C,FALSE),5),"") | V32: =IFERROR(INDEX(sample.general_sample_term!$A:$H,MATCH($E32,sample.general_sample_term!$C:$C,FALSE),6),"")
C33: OFF | D33: =IFERROR(INDEX(sample.general_sample_term!$A:$H,MATCH($E33,sample.general_sample_term!$C:$C,FALSE),2),"") | F33: =IFERROR(INDEX(sample.general_sample_term!$A:$H,MATCH($E33,sample.general_sample_term!$C:$C,FALSE),3),"") | G33: =IFERROR(INDEX(sample.general_sample_term!$A:$H,MATCH($E33,sample.general_sample_term!$C:$C,FALSE),4),"") | U33: =IFERROR(INDEX(sample.general_sample_term!$A:$H,MATCH($E33,sample.general_sample_term!$C:$C,FALSE),5),"") | V33: =IFERROR(INDEX(sample.general_sample_term!$A:$H,MATCH($E33,sample.general_sample_term!$C:$C,FALSE),6),"")
A34: sample_specific | B34: 試料情報(分類別項目) | C34: ON | D34: =IFERROR(INDEX(sample.specific_sample_term!$A:$M,MATCH($E34,sample.specific_sample_term!$L:$L,FALSE),3),"") | E34: 半導体/名称 | F34: =IFERROR(INDEX(sample.specific_sample_term!$A:$M,MATCH($E34,sample.specific_sample_term!$L:$L,FALSE),12),"") | G34: =IFERROR(INDEX(sample.specific_sample_term!$A:$M,MATCH($E34,sample.specific_sample_term!$L:$L,FALSE),13),"") | U34: =IFERROR(INDEX(sample.specific_sample_term!$A:$M,MATCH($E34,sample.specific_sample_term!$L:$L,FALSE),8),"") | V34: =IFERROR(INDEX(sample.specific_sample_term!$A:$M,MATCH($E34,sample.specific_sample_term!$L:$L,FALSE),9),"")
C35: ON | D35: =IFERROR(INDEX(sample.specific_sample_term!$A:$M,MATCH($E35,sample.specific_sample_term!$L:$L,FALSE),3),"") | E35: セラミックス/名称 | F35: =IFERROR(INDEX(sample.specific_sample_term!$A:$M,MATCH($E35,sample.specific_sample_term!$L:$L,FALSE),12),"") | G35: =IFERROR(INDEX(sample.specific_sample_term!$A:$M,MATCH($E35,sample.specific_sample_term!$L:$L,FALSE),13),"") | U35: =IFERROR(INDEX(sample.specific_sample_term!$A:$M,MATCH($E35,sample.specific_sample_term!$L:$L,FALSE),8),"") | V35: =IFERROR(INDEX(sample.specific_sample_term!$A:$M,MATCH($E35,sample.specific_sample_term!$L:$L,FALSE),9),"")
C36: ON | D36: =IFERROR(INDEX(sample.specific_sample_term!$A:$M,MATCH($E36,sample.specific_sample_term!$L:$L,FALSE),3),"") | E36: 有機材料/分子量 | F36: =IFERROR(INDEX(sample.specific_sample_term!$A:$M,MATCH($E36,sample.specific_sample_term!$L:$L,FALSE),12),"") | G36: =IFERROR(INDEX(sample.specific_sample_term!$A:$M,MATCH($E36,sample.specific_sample_term!$L:$L,FALSE),13),"") | U36: =IFERROR(INDEX(sample.specific_sample_term!$A:$M,MATCH($E36,sample.specific_sample_term!$L:$L,FALSE),8),"") | V36: =IFERROR(INDEX(sample.specific_sample_term!$A:$M,MATCH($E36,sample.specific_sample_term!$L:$L,FALSE),9),"")
C37: OFF | D37: =IFERROR(INDEX(sample.specific_sample_term!$A:$M,MATCH($E37,sample.specific_sample_term!$L:$L,FALSE),3),"") | F37: =IFERROR(INDEX(sample.specific_sample_term!$A:$M,MATCH($E37,sample.specific_sample_term!$L:$L,FALSE),12),"") | G37: =IFERROR(INDEX(sample.specific_sample_term!$A:$M,MATCH($E37,sample.specific_sample_term!$L:$L,FALSE),13),"") | U37: =IFERROR(INDEX(sample.specific_sample_term!$A:$M,MATCH($E37,sample.specific_sample_term!$L:$L,FALSE),8),"") | V37: =IFERROR(INDEX(sample.specific_sample_term!$A:$M,MATCH($E37,sample.specific_sample_term!$L:$L,FALSE),9),"")
C38: OFF | D38: =IFERROR(INDEX(sample.specific_sample_term!$A:$M,MATCH($E38,sample.specific_sample_term!$L:$L,FALSE),3),"") | F38: =IFERROR(INDEX(sample.specific_sample_term!$A:$M,MATCH($E38,sample.specific_sample_term!$L:$L,FALSE),12),"") | G38: =IFERROR(INDEX(sample.specific_sample_term!$A:$M,MATCH($E38,sample.specific_sample_term!$L:$L,FALSE),13),"") | U38: =IFERROR(INDEX(sample.specific_sample_term!$A:$M,MATCH($E38,sample.specific_sample_term!$L:$L,FALSE),8),"") | V38: =IFERROR(INDEX(sample.specific_sample_term!$A:$M,MATCH($E38,sample.specific_sample_term!$L:$L,FALSE),9),"")
C39: OFF | D39: =IFERROR(INDEX(sample.specific_sample_term!$A:$M,MATCH($E39,sample.specific_sample_term!$L:$L,FALSE),3),"") | F39: =IFERROR(INDEX(sample.specific_sample_term!$A:$M,MATCH($E39,sample.specific_sample_term!$L:$L,FALSE),12),"") | G39: =IFERROR(INDEX(sample.specific_sample_term!$A:$M,MATCH($E39,sample.specific_sample_term!$L:$L,FALSE),13),"") | U39: =IFERROR(INDEX(sample.specific_sample_term!$A:$M,MATCH($E39,sample.specific_sample_term!$L:$L,FALSE),8),"") | V39: =IFERROR(INDEX(sample.specific_sample_term!$A:$M,MATCH($E39,sample.specific_sample_term!$L:$L,FALSE),9),"")
C40: OFF | D40: =IFERROR(INDEX(sample.specific_sample_term!$A:$M,MATCH($E40,sample.specific_sample_term!$L:$L,FALSE),3),"") | F40: =IFERROR(INDEX(sample.specific_sample_term!$A:$M,MATCH($E40,sample.specific_sample_term!$L:$L,FALSE),12),"") | G40: =IFERROR(INDEX(sample.specific_sample_term!$A:$M,MATCH($E40,sample.specific_sample_term!$L:$L,FALSE),13),"") | U40: =IFERROR(INDEX(sample.specific_sample_term!$A:$M,MATCH($E40,sample.specific_sample_term!$L:$L,FALSE),8),"") | V40: =IFERROR(INDEX(sample.specific_sample_term!$A:$M,MATCH($E40,sample.specific_sample_term!$L:$L,FALSE),9),"")
C41: OFF | D41: =IFERROR(INDEX(sample.specific_sample_term!$A:$M,MATCH($E41,sample.specific_sample_term!$L:$L,FALSE),3),"") | F41: =IFERROR(INDEX(sample.specific_sample_term!$A:$M,MATCH($E41,sample.specific_sample_term!$L:$L,FALSE),12),"") | G41: =IFERROR(INDEX(sample.specific_sample_term!$A:$M,MATCH($E41,sample.specific_sample_term!$L:$L,FALSE),13),"") | U41: =IFERROR(INDEX(sample.specific_sample_term!$A:$M,MATCH($E41,sample.specific_sample_term!$L:$L,FALSE),8),"") | V41: =IFERROR(INDEX(sample.specific_sample_term!$A:$M,MATCH($E41,sample.specific_sample_term!$L:$L,FALSE),9),"")

Sheet dict.term
A1: id | B1: name_ja | C1: name_en | D1: hint_ja | E1: hint_en | F1: term_uri | G1: created
A2: 2f815032-c60b-2c42-46dd-cdb4624ede4b | B2: 計測装置 | C2: Characterization Instrument | F2: https://matvoc.nims.go.jp/entity/Q1885 | G2: 2022-07-11 04:36:42.734137+00
A3: 2f7cdff7-bc05-6fb3-3d5e-30827a252aaa | B3: 磁気共鳴 | C3: Magnetic Resonance | F3: https://matvoc.nims.go.jp/entity/Q1888 | G3: 2022-07-11 04:36:42.734137+00
A4: e6bbc4b0-a89c-a7d9-65b3-08777b320816 | B4: 核磁気共鳴装置 | C4: Nuclear Magnetic Resonance | F4: https://matvoc.nims.go.jp/entity/Q2116 | G4: 2022-07-11 04:36:42.734137+00
A5: 9cac4bf4-b310-6840-499d-59dd515b5ab5 | B5: 磁気共鳴画像診断 | C5: Magnetic Resonance Imaging | F5: https://matvoc.nims.go.jp/entity/Q2117 | G5: 2022-07-11 04:36:42.734137+00
A6: 6268c0bb-2636-4769-6ab0-a06ae0d03b61 | B6: 電子スピン共鳴 | C6: Electron Spin Resonance | F6: https://matvoc.nims.go.jp/entity/Q2118 | G6: 2022-07-11 04:36:42.734137+00
A7: 388d9707-6c0f-3f0b-3770-c8959e21614b | B7: 電子顕微鏡 | C7: Electron Microscope | F7: https://matvoc.nims.go.jp/entity/Q1923 | G7: 2022-07-11 04:36:42.734137+00
A8: b46a3376-3789-9ed3-d3a3-bff79de11501 | B8: 透過型電子顕微鏡 | C8: Transmission Electron Microscope | F8: https://matvoc.nims.go.jp/entity/Q2119 | G8: 2022-07-11 04:36:42.734137+00
A9: 1359fc21-f043-ccdf-7d12-33117909f55f | B9: 走査型透過電子顕微鏡 | C9: Scanning Transmission Electron Microscope | F9: https://matvoc.nims.go.jp/entity/Q2120 | G9: 2022-07-11 04:36:42.734137+00
A10: ae9aa759-1af2-2155-654f-c8a2bacba3f9 | B10: 走査型電子顕微鏡 | C10: Scannning Electron Microscope | F10: https://matvoc.nims.go.jp/entity/Q2121 | G10: 2022-07-11 04:36:42.734137+00
A11: b4f9c6b7-8b98-bef0-3148-b65bc67cf333 | B11: 超高圧電子顕微鏡 | C11: Ultra-high Voltage Electron Microscope | F11: https://matvoc.nims.go.jp/entity/Q2122 | G11: 2022-07-11 04:36:42.734137+00
A12: c611ca1d-9001-8c1f-d450-2542698c3d05 | B12: クライオ電子顕微鏡 | C12: Cryo-Electron Microscope | F12: https://matvoc.nims.go.jp/entity/Q2123 | G12: 2022-07-11 04:36:42.734137+00
A13: b941b1db-8b17-69c8-2129-92f48dfe26f8 | B13: 三次元電子顕微鏡 | C13: 3D Electron Microscope | F13: https://matvoc.nims.go.jp/entity/Q2124 | G13: 2022-07-11 04:36:42.734137+00
... A347: 4a684b87-c1db-005f-9935-f75b4e2f9056 | B347: 撹拌機 | C347: Stirrer | F347: https://matvoc.nims.go.jp/entity/Q2071 | G347: 2022-07-11 04:36:42.734137+00
A348: 33c6e9dc-5787-0f96-7683-f39281c60419 | B348: 化学式、組成式、分子式など | C348: Chemical formula, composition formula, molecular formula, etc. | D348: 化学式、組成式、分子式などを入力してください | E348: Please enter Chemical formula, composition formula, molecular formula, etc. | F348: NULL | G348: 2022-07-11 04:36:42.734137+00
A349: f2d5e89e-01f0-66a2-5d8e-623a4fc31698 | B349: 物質名 | C349: Material name | D349: 物質名を入力してください | E349: Please enter Material name | F349: NULL | G349: 2022-07-11 04:36:42.734137+00
A350: a7a6fc7b-ed46-88b0-bba8-a1e34857a049 | B350: 試料別名 | C350: Another sample name | D350: 試料別名を入力してください | E350: Please enter Another sample name | F350: NULL | G350: 2022-07-11 04:36:42.734137+00
A351: f207e704-9308-42f0-b090-98e2db81c757 | B351: グロー放電質量分析法 | C351: Glow Discharge Mass Spectrometry | D351: NULL | E351: NULL | F351: https://matvoc.nims.go.jp/entity/Q2839 | G351: 2022-09-05 04:02:31.114117+00
A352: 0d0417a3-3c3b-496a-b0fb-5a26f8a74166 | B352: ロット番号、製造番号など | C352: Lot number or product number etc | F352: NULL | G352: 2022-10-11 06:13:06.860778+00
A353: e2d20d02-2e38-2cd3-b1b3-66fdb8a11057 | B353: CAS番号 | C353: CAS Number | D353: CAS番号を入力してください | E353: Please enter CAS Number | F353: NULL | G353: 2022-07-11 04:36:42.734137+00
A354: 1e70d11d-cbdd-bfd1-9301-9612c29b4060 | B354: 試料購入日 | C354: Purchase date | D354: 試料購入日を入力してください | E354: Please enter Purchase date | F354: NULL | G354: 2022-07-11 04:36:42.734137+00
A355: 1d3cab05-3eaa-cb9b-9a3f-20eb0ca26963 | B355: 結晶状態 | C355: Crystalline state | D355: 結晶状態を入力してください | E355: Please enter Crystalline state | F355: NULL | G355: 2022-07-11 04:36:42.734137+00
A356: efcf34e7-4308-c195-6691-6f4d28ffc9bb | B356: 結晶構造 | C356: Crystal structure | D356: 結晶構造を入力してください | E356: Please enter Crystal structure | F356: NULL | G356: 2022-07-11 04:36:42.734137+00
A357: e9617207-7f74-ef45-9b05-74eef6e4ecbb | B357: ピアソン記号 | C357: Pearson symbol | D357: ピアソン記号を入力してください | E357: Please enter Pearson symbol | F357: NULL | G357: 2022-07-11 04:36:42.734137+00
A358: f63149a4-e57c-4273-4c1e-dffa41356d28 | B358: 空間群 | C358: Space group | D358: 空間群を入力してください | E358: Please enter Space group | F358: https://matvoc.nims.go.jp/wiki/Item:Q224 | G358: 2022-07-11 04:36:42.734137+00
A359: 7cc57dfb-8b70-4b3a-5315-fbce4cbf73d0 | B359: 試料形状 | C359: Sample shape | D359: 試料形状を入力してください | E359: Please enter Sample shape | F359: NULL | G359: 2022-07-11 04:36:42.734137+00
A360: 3250c45d-0ed6-1438-43b5-eb679918604a | B360: 化学式 | C360: Chemical formula | D360: 化学式を入力してください | E360: Please enter Chemical formula | F360: NULL | G360: 2022-07-11 04:36:42.734137+00
A361: 70c2c751-5404-19b7-4a5e-981e6cebbb15 | B361: 名称 | C361: Name | D361: 名称を入力してください | E361: Please enter Name | F361: NULL | G361: 2022-07-11 04:36:42.734137+00
A362: 518e26a0-4262-86f5-3598-80e18e6ff2af | B362: PubChem | C362: PubChem | D362: PubChemを入力してください | E362: Please enter PubChem | F362: NULL | G362: 2022-07-11 04:36:42.734137+00
A363: 3a775d54-5c13-fe66-6405-29c05bc931ce | B363: 粘度 | C363: viscosity | D363: 粘度を入力してください | E363: Please enter viscosity | F363: https://matvoc.nims.go.jp/wiki/Item:Q284 | G363: 2022-07-11 04:36:42.734137+00
A364: 659da80e-c2ee-2986-41ce-68201b3bc4dd | B364: 沸点 | C364: boiling point | D364: 沸点を入力してください | E364: Please enter boiling point | F364: NULL | G364: 2022-07-11 04:36:42.734137+00
... A376: 9270879d-d94e-4d3f-2d5c-19568e040004 | B376: InChI | C376: InChI | D376: InChIを入力してください | E376: Please enter InChI | F376: NULL | G376: 2022-08-01 09:32:47.462801+00

Sheet sample.general_sample_term
A1: term_id | B1: key_name | C1: dict.term.name_ja | D1: dict.term.name_en | E1: dict.term.hint_ja | F1: dict.term.hint_en | G1: dict.term.term_uri | H1: dict.term.created
A2: 33c6e9dc-5787-0f96-7683-f39281c60419 | B2: sample.general.composiiton | C2: =VLOOKUP(A2,dict.term!A:G,2,FALSE)&"" | D2: =VLOOKUP(A2,dict.term!A:G,3,FALSE)&"" | E2: =VLOOKUP(A2,dict.term!A:G,4,FALSE)&"" | F2: =VLOOKUP(A2,dict.term!A:G,5,FALSE)&"" | G2: =VLOOKUP(A2,dict.term!A:G,6,FALSE)&"" | H2: =VLOOKUP(A2,dict.term!A:G,7,FALSE)&""
A3: f2d5e89e-01f0-66a2-5d8e-623a4fc31698 | B3: sample.general.material-name | C3: =VLOOKUP(A3,dict.term!A:G,2,FALSE)&"" | D3: =VLOOKUP(A3,dict.term!A:G,3,FALSE)&"" | E3: =VLOOKUP(A3,dict.term!A:G,4,FALSE)&"" | F3: =VLOOKUP(A3,dict.term!A:G,5,FALSE)&"" | G3: =VLOOKUP(A3,dict.term!A:G,6,FALSE)&"" | H3: =VLOOKUP(A3,dict.term!A:G,7,FALSE)&""
A4: a7a6fc7b-ed46-88b0-bba8-a1e34857a049 | B4: sample.general.sample-alias | C4: =VLOOKUP(A4,dict.term!A:G,2,FALSE)&"" | D4: =VLOOKUP(A4,dict.term!A:G,3,FALSE)&"" | E4: =VLOOKUP(A4,dict.term!A:G,4,FALSE)&"" | F4: =VLOOKUP(A4,dict.term!A:G,5,FALSE)&"" | G4: =VLOOKUP(A4,dict.term!A:G,6,FALSE)&"" | H4: =VLOOKUP(A4,dict.term!A:G,7,FALSE)&""
A5: e2d20d02-2e38-2cd3-b1b3-66fdb8a11057 | B5: sample.general.cas-number | C5: =VLOOKUP(A5,dict.term!A:G,2,FALSE)&"" | D5: =VLOOKUP(A5,dict.term!A:G,3,FALSE)&"" | E5: =VLOOKUP(A5,dict.term!A:G,4,FALSE)&"" | F5: =VLOOKUP(A5,dict.term!A:G,5,FALSE)&"" | G5: =VLOOKUP(A5,dict.term!A:G,6,FALSE)&"" | H5: =VLOOKUP(A5,dict.term!A:G,7,FALSE)&""
A6: 1e70d11d-cbdd-bfd1-9301-9612c29b4060 | B6: sample.general.purchase-date | C6: =VLOOKUP(A6,dict.term!A:G,2,FALSE)&"" | D6: =VLOOKUP(A6,dict.term!A:G,3,FALSE)&"" | E6: =VLOOKUP(A6,dict.term!A:G,4,FALSE)&"" | F6: =VLOOKUP(A6,dict.term!A:G,5,FALSE)&"" | G6: =VLOOKUP(A6,dict.term!A:G,6,FALSE)&"" | H6: =VLOOKUP(A6,dict.term!A:G,7,FALSE)&""
A7: 1d3cab05-3eaa-cb9b-9a3f-20eb0ca26963 | B7: sample.general.crystalline-state | C7: =VLOOKUP(A7,dict.term!A:G,2,FALSE)&"" | D7: =VLOOKUP(A7,dict.term!A:G,3,FALSE)&"" | E7: =VLOOKUP(A7,dict.term!A:G,4,FALSE)&"" | F7: =VLOOKUP(A7,dict.term!A:G,5,FALSE)&"" | G7: =VLOOKUP(A7,dict.term!A:G,6,FALSE)&"" | H7: =VLOOKUP(A7,dict.term!A:G,7,FALSE)&""
A8: efcf34e7-4308-c195-6691-6f4d28ffc9bb | B8: sample.general.crystal-structure | C8: =VLOOKUP(A8,dict.term!A:G,2,FALSE)&"" | D8: =VLOOKUP(A8,dict.term!A:G,3,FALSE)&"" | E8: =VLOOKUP(A8,dict.term!A:G,4,FALSE)&"" | F8: =VLOOKUP(A8,dict.term!A:G,5,FALSE)&"" | G8: =VLOOKUP(A8,dict.term!A:G,6,FALSE)&"" | H8: =VLOOKUP(A8,dict.term!A:G,7,FALSE)&""
A9: e9617207-7f74-ef45-9b05-74eef6e4ecbb | B9: sample.general.pearson-symbol | C9: =VLOOKUP(A9,dict.term!A:G,2,FALSE)&"" | D9: =VLOOKUP(A9,dict.term!A:G,3,FALSE)&"" | E9: =VLOOKUP(A9,dict.term!A:G,4,FALSE)&"" | F9: =VLOOKUP(A9,dict.term!A:G,5,FALSE)&"" | G9: =VLOOKUP(A9,dict.term!A:G,6,FALSE)&"" | H9: =VLOOKUP(A9,dict.term!A:G,7,FALSE)&""
A10: f63149a4-e57c-4273-4c1e-dffa41356d28 | B10: sample.general.space-group | C10: =VLOOKUP(A10,dict.term!A:G,2,FALSE)&"" | D10: =VLOOKUP(A10,dict.term!A:G,3,FALSE)&"" | E10: =VLOOKUP(A10,dict.term!A:G,4,FALSE)&"" | F10: =VLOOKUP(A10,dict.term!A:G,5,FALSE)&"" | G10: =VLOOKUP(A10,dict.term!A:G,6,FALSE)&"" | H10: =VLOOKUP(A10,dict.term!A:G,7,FALSE)&""
A11: 7cc57dfb-8b70-4b3a-5315-fbce4cbf73d0 | B11: sample.general.sample-shape | C11: =VLOOKUP(A11,dict.term!A:G,2,FALSE)&"" | D11: =VLOOKUP(A11,dict.term!A:G,3,FALSE)&"" | E11: =VLOOKUP(A11,dict.term!A:G,4,FALSE)&"" | F11: =VLOOKUP(A11,dict.term!A:G,5,FALSE)&"" | G11: =VLOOKUP(A11,dict.term!A:G,6,FALSE)&"" | H11: =VLOOKUP(A11,dict.term!A:G,7,FALSE)&""
A12: efc6a0d5-313e-1871-190c-baaff7d1bf6c | B12: sample.general.smiles-string | C12: =VLOOKUP(A12,dict.term!A:G,2,FALSE)&"" | D12: =VLOOKUP(A12,dict.term!A:G,3,FALSE)&"" | E12: =VLOOKUP(A12,dict.term!A:G,4,FALSE)&"" | F12: =VLOOKUP(A12,dict.term!A:G,5,FALSE)&"" | G12: =VLOOKUP(A12,dict.term!A:G,6,FALSE)&"" | H12: =VLOOKUP(A12,dict.term!A:G,7,FALSE)&""
A13: 9270879d-d94e-4d3f-2d5c-19568e040004 | B13: sample.general.inchi | C13: =VLOOKUP(A13,dict.term!A:G,2,FALSE)&"" | D13: =VLOOKUP(A13,dict.term!A:G,3,FALSE)&"" | E13: =VLOOKUP(A13,dict.term!A:G,4,FALSE)&"" | F13: =VLOOKUP(A13,dict.term!A:G,5,FALSE)&"" | G13: =VLOOKUP(A13,dict.term!A:G,6,FALSE)&"" | H13: =VLOOKUP(A13,dict.term!A:G,7,FALSE)&""
... A25: 0d0417a3-3c3b-496a-b0fb-5a26f8a74166 | B25: sample.general.lot-number-or-product-number-etc | C25: =VLOOKUP(A25,dict.term!A:G,2,FALSE)&"" | D25: =VLOOKUP(A25,dict.term!A:G,3,FALSE)&"" | E25: =VLOOKUP(A25,dict.term!A:G,4,FALSE)&"" | F25: =VLOOKUP(A25,dict.term!A:G,5,FALSE)&"" | G25: =VLOOKUP(A25,dict.term!A:G,6,FALSE)&"" | H25: =VLOOKUP(A25,dict.term!A:G,7,FALSE)&""

Sheet sample.sample_class
A1: id | B1: name_ja | C1: name_en
A2: 01cb3c01-37a4-5a43-d8ca-f523ca99a75b | B2: 有機材料 | C2: organic material
A3: 932e4fe1-9724-305f-ffc5-1908c31c83e5 | B3: 無機材料 | C3: inorganic material
A4: a674a8ef-efa8-9497-4ed4-74de55fafddb | B4: 金属・合金 | C4: metals and alloys
A5: 342ba516-4d02-171c-9bc4-70a3134b47a8 | B5: ポリマー | C5: polymers
A6: 52148afb-6759-23e8-c8b8-33912ec5bfcf | B6: 半導体 | C6: semiconductors
A7: 961c9637-9b83-0e9d-e60e-ffc1e2517afd | B7: セラミックス | C7: ceramics
A8: 0dde5969-3039-739b-b33b-97df40450790 | B8: 生物学的物質 | C8: biological

Sheet sample.specific_sample_term
A1: sample_class_id | B1: term_id | C1: key_name | D1: sample.sample_class.name_ja | E1: sample.sample_class.name_en | F1: dict.term.name_ja | G1: dict.term.name_en | H1: dict.term.hint_ja | I1: dict.term.hint_en | J1: dict.term.term_uri | K1: dict.term.created | L1: bind_class_and_term_ja | M1: bind_class_and_term_en
A2: 01cb3c01-37a4-5a43-d8ca-f523ca99a75b | B2: 3250c45d-0ed6-1438-43b5-eb679918604a | C2: sample.specific.organic.chemical-formula | D2: =VLOOKUP(A2,sample.sample_class!A:C,2,FALSE)&"" | E2: =VLOOKUP(A2,sample.sample_class!A:C,3,FALSE)&"" | F2: =VLOOKUP(B2,dict.term!A:G,2,FALSE)&"" | G2: =VLOOKUP(B2,dict.term!A:G,3,FALSE)&"" | H2: =VLOOKUP(B2,dict.term!A:G,4,FALSE)&"" | I2: =VLOOKUP(B2,dict.term!A:G,5,FALSE)&"" | J2: =VLOOKUP(B2,dict.term!A:G,6,FALSE)&"" | K2: =VLOOKUP(B2,dict.term!A:G,7,FALSE)&"" | L2: =D2&"/"&F2 | M2: =E2&"/"&G2
A3: 01cb3c01-37a4-5a43-d8ca-f523ca99a75b | B3: 70c2c751-5404-19b7-4a5e-981e6cebbb15 | C3: sample.specific.organic.name | D3: =VLOOKUP(A3,sample.sample_class!A:C,2,FALSE)&"" | E3: =VLOOKUP(A3,sample.sample_class!A:C,3,FALSE)&"" | F3: =VLOOKUP(B3,dict.term!A:G,2,FALSE)&"" | G3: =VLOOKUP(B3,dict.term!A:G,3,FALSE)&"" | H3: =VLOOKUP(B3,dict.term!A:G,4,FALSE)&"" | I3: =VLOOKUP(B3,dict.term!A:G,5,FALSE)&"" | J3: =VLOOKUP(B3,dict.term!A:G,6,FALSE)&"" | K3: =VLOOKUP(B3,dict.term!A:G,7,FALSE)&"" | L3: =D3&"/"&F3 | M3: =E3&"/"&G3
A4: 01cb3c01-37a4-5a43-d8ca-f523ca99a75b | B4: e2d20d02-2e38-2cd3-b1b3-66fdb8a11057 | C4: sample.specific.organic.cas-number | D4: =VLOOKUP(A4,sample.sample_class!A:C,2,FALSE)&"" | E4: =VLOOKUP(A4,sample.sample_class!A:C,3,FALSE)&"" | F4: =VLOOKUP(B4,dict.term!A:G,2,FALSE)&"" | G4: =VLOOKUP(B4,dict.term!A:G,3,FALSE)&"" | H4: =VLOOKUP(B4,dict.term!A:G,4,FALSE)&"" | I4: =VLOOKUP(B4,dict.term!A:G,5,FALSE)&"" | J4: =VLOOKUP(B4,dict.term!A:G,6,FALSE)&"" | K4: =VLOOKUP(B4,dict.term!A:G,7,FALSE)&"" | L4: =D4&"/"&F4 | M4: =E4&"/"&G4
A5: 01cb3c01-37a4-5a43-d8ca-f523ca99a75b | B5: 518e26a0-4262-86f5-3598-80e18e6ff2af | C5: sample.specific.organic.pubchem | D5: =VLOOKUP(A5,sample.sample_class!A:C,2,FALSE)&"" | E5: =VLOOKUP(A5,sample.sample_class!A:C,3,FALSE)&"" | F5: =VLOOKUP(B5,dict.term!A:G,2,FALSE)&"" | G5: =VLOOKUP(B5,dict.term!A:G,3,FALSE)&"" | H5: =VLOOKUP(B5,dict.term!A:G,4,FALSE)&"" | I5: =VLOOKUP(B5,dict.term!A:G,5,FALSE)&"" | J5: =VLOOKUP(B5,dict.term!A:G,6,FALSE)&"" | K5: =VLOOKUP(B5,dict.term!A:G,7,FALSE)&"" | L5: =D5&"/"&F5 | M5: =E5&"/"&G5
A6: 01cb3c01-37a4-5a43-d8ca-f523ca99a75b | B6: 3a775d54-5c13-fe66-6405-29c05bc931ce | C6: sample.specific.organic.viscosity | D6: =VLOOKUP(A6,sample.sample_class!A:C,2,FALSE)&"" | E6: =VLOOKUP(A6,sample.sample_class!A:C,3,FALSE)&"" | F6: =VLOOKUP(B6,dict.term!A:G,2,FALSE)&"" | G6: =VLOOKUP(B6,dict.term!A:G,3,FALSE)&"" | H6: =VLOOKUP(B6,dict.term!A:G,4,FALSE)&"" | I6: =VLOOKUP(B6,dict.term!A:G,5,FALSE)&"" | J6: =VLOOKUP(B6,dict.term!A:G,6,FALSE)&"" | K6: =VLOOKUP(B6,dict.term!A:G,7,FALSE)&"" | L6: =D6&"/"&F6 | M6: =E6&"/"&G6
A7: 01cb3c01-37a4-5a43-d8ca-f523ca99a75b | B7: 659da80e-c2ee-2986-41ce-68201b3bc4dd | C7: sample.specific.organic.boiling-point | D7: =VLOOKUP(A7,sample.sample_class!A:C,2,FALSE)&"" | E7: =VLOOKUP(A7,sample.sample_class!A:C,3,FALSE)&"" | F7: =VLOOKUP(B7,dict.term!A:G,2,FALSE)&"" | G7: =VLOOKUP(B7,dict.term!A:G,3,FALSE)&"" | H7: =VLOOKUP(B7,dict.term!A:G,4,FALSE)&"" | I7: =VLOOKUP(B7,dict.term!A:G,5,FALSE)&"" | J7: =VLOOKUP(B7,dict.term!A:G,6,FALSE)&"" | K7: =VLOOKUP(B7,dict.term!A:G,7,FALSE)&"" | L7: =D7&"/"&F7 | M7: =E7&"/"&G7
A8: 01cb3c01-37a4-5a43-d8ca-f523ca99a75b | B8: 4efc4c3b-727c-c752-cf28-701b55dba1af | C8: sample.specific.organic.melting-temperature | D8: =VLOOKUP(A8,sample.sample_class!A:C,2,FALSE)&"" | E8: =VLOOKUP(A8,sample.sample_class!A:C,3,FALSE)&"" | F8: =VLOOKUP(B8,dict.term!A:G,2,FALSE)&"" | G8: =VLOOKUP(B8,dict.term!A:G,3,FALSE)&"" | H8: =VLOOKUP(B8,dict.term!A:G,4,FALSE)&"" | I8: =VLOOKUP(B8,dict.term!A:G,5,FALSE)&"" | J8: =VLOOKUP(B8,dict.term!A:G,6,FALSE)&"" | K8: =VLOOKUP(B8,dict.term!A:G,7,FALSE)&"" | L8: =D8&"/"&F8 | M8: =E8&"/"&G8
A9: 932e4fe1-9724-305f-ffc5-1908c31c83e5 | B9: 70c2c751-5404-19b7-4a5e-981e6cebbb15 | C9: sample.specific.inorganic.name | D9: =VLOOKUP(A9,sample.sample_class!A:C,2,FALSE)&"" | E9: =VLOOKUP(A9,sample.sample_class!A:C,3,FALSE)&"" | F9: =VLOOKUP(B9,dict.term!A:G,2,FALSE)&"" | G9: =VLOOKUP(B9,dict.term!A:G,3,FALSE)&"" | H9: =VLOOKUP(B9,dict.term!A:G,4,FALSE)&"" | I9: =VLOOKUP(B9,dict.term!A:G,5,FALSE)&"" | J9: =VLOOKUP(B9,dict.term!A:G,6,FALSE)&"" | K9: =VLOOKUP(B9,dict.term!A:G,7,FALSE)&"" | L9: =D9&"/"&F9 | M9: =E9&"/"&G9
A10: 932e4fe1-9724-305f-ffc5-1908c31c83e5 | B10: 3250c45d-0ed6-1438-43b5-eb679918604a | C10: sample.specific.inorganic.chemical-formula | D10: =VLOOKUP(A10,sample.sample_class!A:C,2,FALSE)&"" | E10: =VLOOKUP(A10,sample.sample_class!A:C,3,FALSE)&"" | F10: =VLOOKUP(B10,dict.term!A:G,2,FALSE)&"" | G10: =VLOOKUP(B10,dict.term!A:G,3,FALSE)&"" | H10: =VLOOKUP(B10,dict.term!A:G,4,FALSE)&"" | I10: =VLOOKUP(B10,dict.term!A:G,5,FALSE)&"" | J10: =VLOOKUP(B10,dict.term!A:G,6,FALSE)&"" | K10: =VLOOKUP(B10,dict.term!A:G,7,FALSE)&"" | L10: =D10&"/"&F10 | M10: =E10&"/"&G10
A11: 932e4fe1-9724-305f-ffc5-1908c31c83e5 | B11: f63149a4-e57c-4273-4c1e-dffa41356d28 | C11: sample.specific.inorganic.space-group | D11: =VLOOKUP(A11,sample.sample_class!A:C,2,FALSE)&"" | E11: =VLOOKUP(A11,sample.sample_class!A:C,3,FALSE)&"" | F11: =VLOOKUP(B11,dict.term!A:G,2,FALSE)&"" | G11: =VLOOKUP(B11,dict.term!A:G,3,FALSE)&"" | H11: =VLOOKUP(B11,dict.term!A:G,4,FALSE)&"" | I11: =VLOOKUP(B11,dict.term!A:G,5,FALSE)&"" | J11: =VLOOKUP(B11,dict.term!A:G,6,FALSE)&"" | K11: =VLOOKUP(B11,dict.term!A:G,7,FALSE)&"" | L11: =D11&"/"&F11 | M11: =E11&"/"&G11
A12: a674a8ef-efa8-9497-4ed4-74de55fafddb | B12: 3250c45d-0ed6-1438-43b5-eb679918604a | C12: sample.specific.metals.chemical-formula | D12: =VLOOKUP(A12,sample.sample_class!A:C,2,FALSE)&"" | E12: =VLOOKUP(A12,sample.sample_class!A:C,3,FALSE)&"" | F12: =VLOOKUP(B12,dict.term!A:G,2,FALSE)&"" | G12: =VLOOKUP(B12,dict.term!A:G,3,FALSE)&"" | H12: =VLOOKUP(B12,dict.term!A:G,4,FALSE)&"" | I12: =VLOOKUP(B12,dict.term!A:G,5,FALSE)&"" | J12: =VLOOKUP(B12,dict.term!A:G,6,FALSE)&"" | K12: =VLOOKUP(B12,dict.term!A:G,7,FALSE)&"" | L12: =D12&"/"&F12 | M12: =E12&"/"&G12
A13: a674a8ef-efa8-9497-4ed4-74de55fafddb | B13: 70c2c751-5404-19b7-4a5e-981e6cebbb15 | C13: sample.specific.metals.name | D13: =VLOOKUP(A13,sample.sample_class!A:C,2,FALSE)&"" | E13: =VLOOKUP(A13,sample.sample_class!A:C,3,FALSE)&"" | F13: =VLOOKUP(B13,dict.term!A:G,2,FALSE)&"" | G13: =VLOOKUP(B13,dict.term!A:G,3,FALSE)&"" | H13: =VLOOKUP(B13,dict.term!A:G,4,FALSE)&"" | I13: =VLOOKUP(B13,dict.term!A:G,5,FALSE)&"" | J13: =VLOOKUP(B13,dict.term!A:G,6,FALSE)&"" | K13: =VLOOKUP(B13,dict.term!A:G,7,FALSE)&"" | L13: =D13&"/"&F13 | M13: =E13&"/"&G13
... A36: 01cb3c01-37a4-5a43-d8ca-f523ca99a75b | B36: 3edadcff-8a85-51d9-708f-8f76bf055377 | C36: sample.specific.organic-material.inchi-key | D36: =VLOOKUP(A36,sample.sample_class!A:C,2,FALSE)&"" | E36: =VLOOKUP(A36,sample.sample_class!A:C,3,FALSE)&"" | F36: =VLOOKUP(B36,dict.term!A:G,2,FALSE)&"" | G36: =VLOOKUP(B36,dict.term!A:G,3,FALSE)&"" | H36: =VLOOKUP(B36,dict.term!A:G,4,FALSE)&"" | I36: =VLOOKUP(B36,dict.term!A:G,5,FALSE)&"" | J36: =VLOOKUP(B36,dict.term!A:G,6,FALSE)&"" | K36: =VLOOKUP(B36,dict.term!A:G,7,FALSE)&"" | L36: =D36&"/"&F36 | M36: =E36&"/"&G36
